Rank,Name,Median_score,Cooperation_rating,Wins,Initial_C_rate,CC_rate,CD_rate,DC_rate,DD_rate,CC_to_C_rate,CD_to_C_rate,DC_to_C_rate,DD_to_C_rate
0,"Michaelos: (D,)",2.89581589958159,0.7097629009762901,190.0,1.0,0.6539748953974895,0.05578800557880056,0.1589958158995816,0.1312412831241283,0.9081207277622229,0,0.45661863389136115,0
1,"First by Tideman and Chieruzzi: (D, D)",2.844769874476987,0.6514644351464435,198.0,1.0,0.5952580195258019,0.056206415620641555,0.1792189679218968,0.16931659693165968,0.8936187498225252,0,0.44866176441518907,0
2,"Alexei: (D,)",2.8393305439330545,0.7686192468619247,167.0,1.0,0.6864714086471408,0.08214783821478382,0.13807531380753138,0.09330543933054393,0.8959277706685734,0,0.933778552071235,0
3,"EugineNier: (D,)",2.8334728033472807,0.7620641562064157,168.0,1.0,0.6790794979079499,0.08298465829846582,0.1396094839609484,0.09832635983263599,0.8990585982621037,0,0.9184939091915836,0
4,"First by Stein and Rapoport: 0.05: (D, D)",2.801255230125523,0.7344490934449094,165.0,1.0,0.6435146443514644,0.0909344490934449,0.15132496513249652,0.11422594142259414,0.8823931005582174,0.6341102231102232,0.6262113617376774,0
5,EvolvedLookerUp1_1_1,2.800418410041841,0.7666666666666667,50.0,1.0,0.69442119944212,0.07224546722454672,0.1193863319386332,0.11394700139470014,0.9896241830065359,0,0.9201785714285716,0
6,Evolved FSM 16,2.799163179916318,0.8143654114365412,41.0,1.0,0.7284518828451882,0.08591352859135287,0.10753138075313808,0.07810320781032079,0.9290995850927358,0.4828306878306878,0.8335434173669468,0.4310197210197211
7,"Stalker: (D,)",2.7966527196652717,0.798186889818689,157.0,1.0,0.703486750348675,0.09470013947001395,0.1205020920502092,0.08131101813110181,0.8718775734519714,0.5128658161829325,0.881094527363184,0.2832819045621814
8,"Limited Retaliate 3: 0.05, 20",2.792887029288703,0.7181311018131101,60.0,1.0,0.6774058577405858,0.04072524407252441,0.11799163179916318,0.16387726638772662,1.0,0,0,0
9,MEM2,2.7882845188284517,0.7658298465829847,49.0,1.0,0.7132496513249651,0.052580195258019526,0.10599721059972106,0.12817294281729427,0.9978778927385372,0.39696969696969703,0.5697977236438775,0
10,Retaliate 3: 0.05,2.78326359832636,0.709483960948396,59.0,1.0,0.6682008368200837,0.041283124128312414,0.12245467224546722,0.16806136680613668,1.0,0,0,0
11,Second by RichardHufford,2.7820083682008367,0.8080892608089261,29.0,1.0,0.7415620641562064,0.06652719665271967,0.09051603905160391,0.10139470013947002,0.9883838383838385,0.27682539682539686,0.8996031746031747,0
12,Evolved FSM 6,2.77907949790795,0.8157601115760111,34.0,1.0,0.7422594142259414,0.07350069735006974,0.09288702928870293,0.0913528591352859,0.9668906836292009,0.43238095238095237,0.8359156162464986,0.1908836019947131
13,Tricky Level Punisher,2.776987447698745,0.7202231520223152,59.0,1.0,0.6782426778242677,0.04198047419804742,0.11534170153417016,0.16443514644351465,1.0,0,0,0
14,Forgiver,2.776150627615063,0.7121338912133891,60.0,1.0,0.6700139470013947,0.04211994421199442,0.1198047419804742,0.16806136680613668,1.0,0,0,0
15,"Limited Retaliate: 0.1, 20",2.7757322175732217,0.7220362622036263,59.0,1.0,0.6811715481171549,0.04086471408647141,0.11422594142259415,0.16373779637377964,1.0,0,0,0
16,Punisher,2.774058577405858,0.7239888423988843,57.0,1.0,0.6834030683403068,0.04058577405857741,0.11199442119944211,0.16401673640167366,1.0,0,0,0
17,Grudger,2.772803347280335,0.7163179916317992,59.0,1.0,0.6744769874476987,0.04184100418410042,0.11771269177126918,0.16596931659693165,1.0,0,0,0
18,Forgetful Grudger,2.7715481171548118,0.7235704323570432,59.0,1.0,0.6822873082287308,0.041283124128312414,0.11352859135285913,0.16290097629009762,1.0,0,0,0
19,Retaliate 2: 0.08,2.7682008368200837,0.7181311018131101,59.0,1.0,0.6771269177126918,0.041004184100418416,0.11422594142259415,0.1676429567642957,1.0,0,0,0
20,Spiteful Tit For Tat,2.7682008368200837,0.7868898186889819,32.0,1.0,0.7124128312412832,0.07447698744769875,0.10543933054393305,0.10767085076708507,1.0,0,0.8834940312213039,0
21,"Limited Retaliate 2: 0.08, 15",2.7669456066945606,0.7156206415620642,58.0,1.0,0.6747559274755928,0.04086471408647141,0.11562064156206414,0.16875871687587168,1.0,0,0,0
22,Adaptive Pavlov 2006,2.760251046025105,0.7825662482566248,50.0,1.0,0.7117154811715481,0.0708507670850767,0.10153417015341701,0.11589958158995815,0.9680984637644365,0.2646825396825397,0.5544750773917441,0.25925925925925924
23,Retaliate: 0.1,2.7573221757322175,0.703486750348675,59.0,1.0,0.6603905160390516,0.043096234309623435,0.11966527196652721,0.17684797768479776,1.0,0,0,0
24,Winner12,2.7573221757322175,0.8094839609483961,30.0,1.0,0.7370990237099023,0.07238493723849372,0.08828451882845188,0.10223152022315202,1.0,0.5606636271529888,0,0.582657059252804
25,Inverse Punisher,2.7527196652719663,0.7465829846582984,51.0,1.0,0.698884239888424,0.04769874476987448,0.10083682008368201,0.15258019525801952,1.0,0,0.48082264957264953,0
26,Adaptive Pavlov 2011,2.752301255230125,0.8018131101813111,40.0,1.0,0.7278940027894003,0.07391910739191074,0.09218967921896792,0.10599721059972106,0.9727163273602902,0.275968253968254,0.6574213457775102,0
27,"BackStabber: (D, D)",2.7506276150627613,0.7539748953974895,160.0,1.0,0.6421199442119945,0.11185495118549513,0.14504881450488147,0.10097629009762901,0.8950115094003745,0.8271364438031105,0,0
28,EvolvedLookerUp2_2_2,2.748117154811715,0.8338912133891213,32.0,1.0,0.7435146443514644,0.09037656903765691,0.08633193863319386,0.07977684797768479,0.9102427593138973,0.5562539682539683,0.7994155844155844,0.8450644841269841
29,PSO Gambler 1_1_1,2.747698744769875,0.797629009762901,38.0,1.0,0.7266387726638772,0.0709902370990237,0.09205020920502092,0.11032078103207811,1.0,0.4889645198855725,0,0.2480147496605049
30,SpitefulCC,2.747698744769875,0.7361227336122733,53.0,1.0,0.6882845188284519,0.04783821478382148,0.10474198047419805,0.15913528591352857,0.9878955968352253,0.7231060606060605,0,0
31,TF3,2.7472803347280337,0.793444909344491,45.0,1.0,0.7198047419804742,0.07364016736401674,0.09400278940027895,0.11255230125523012,0.9527340430641682,0.6745421245421246,0.696164021164021,0.3109848484848485
32,Evolved HMM 5,2.7435146443514644,0.8086471408647141,39.0,1.0,0.7331938633193863,0.07545327754532777,0.0894002789400279,0.10195258019525802,0.9977973568281938,0.523518891124525,0.2253968253968254,0.20197177744446654
33,NMWE Memory One: 37 players,2.7405857740585775,0.7686192468619247,46.0,1.0,0.701673640167364,0.06694560669456066,0.099860529986053,0.1315202231520223,0.9441843518006721,0.49622307256235826,0.40116012470501633,0.2796983398545898
34,CAPRI,2.739748953974895,0.7806136680613668,28.0,1.0,0.7174337517433752,0.06317991631799164,0.0913528591352859,0.1280334728033473,1.0,0,0.7519607843137255,0
35,Evolved FSM 16 Noise 05,2.7384937238493725,0.8039051603905161,28.0,1.0,0.7271966527196653,0.07670850767085076,0.09065550906555091,0.10543933054393305,0.9758091226778677,0.5584975369458127,0.6343061955965181,0.28085497835497836
36,"DoubleCrosser: (D, D)",2.73765690376569,0.7527196652719665,160.0,1.0,0.6396094839609484,0.11311018131101813,0.14449093444909344,0.10278940027894003,0.8963188760355669,0.8186368053714994,0,0
37,Fool Me Once,2.7372384937238494,0.8276150627615063,28.0,1.0,0.7560669456066945,0.07154811715481173,0.07350069735006974,0.09888423988842399,1.0,0.637953795379538,0,0
38,Evolved ANN 5,2.73347280334728,0.8383542538354254,26.0,1.0,0.7531380753138075,0.08521617852161785,0.07852161785216179,0.08312412831241284,1.0,0.7213684463684463,0,0.8149164054336469
39,Nice Meta Winner Ensemble: 217 players,2.7305439330543932,0.7732217573221757,44.0,1.0,0.703486750348675,0.0697350069735007,0.09567642956764295,0.1311018131101813,0.9293588349435601,0.39885791715060004,0.28666390679419573,0.24280704129381783
40,AON2,2.7297071129707113,0.7896792189679219,39.0,1.0,0.7100418410041841,0.07963737796373781,0.099302649930265,0.11101813110181312,0.9903528662927158,0.4670899470899471,0,0.449000444000444
41,Adaptive,2.727196652719665,0.6,176.0,1.0,0.48884239888423986,0.1111576011157601,0.21255230125523014,0.18744769874476985,0.8484769956422433,0.8586856537486791,0,0
42,NMWE Deterministic: 149 players,2.72510460251046,0.7792189679218968,44.0,1.0,0.7119944211994421,0.06722454672245468,0.09316596931659693,0.12761506276150628,0.9262075583096713,0.4523083623693379,0.2862511302072805,0.20480166862782406
43,NMWE Long Memory: 136 players,2.72092050209205,0.7707112970711297,45.0,1.0,0.6993026499302649,0.07140864714086471,0.099721059972106,0.1295676429567643,0.9380014394271216,0.4315287226001513,0.252478473606635,0.2589957848895635
44,Evolved ANN,2.7200836820083683,0.8520223152022315,20.0,1.0,0.7715481171548118,0.08047419804741981,0.06304044630404462,0.08493723849372385,0.9744115793722022,0.7438598438598437,0.8625781625781626,0.589021164021164
45,Evolved FSM 4,2.719246861924686,0.8299860529986053,32.0,1.0,0.7313807531380754,0.09860529986052999,0.09093444909344492,0.07907949790794978,0.94969493417466,0.4203733766233766,0,0.852209595959596
46,PSO Gambler 2_2_2 Noise 05,2.7138075313807533,0.8343096234309624,25.0,1.0,0.7362622036262204,0.09804741980474198,0.08479776847977684,0.0808926080892608,0.9028365388901065,0.5909461279461279,0.8343434343434343,0.5644354256854257
47,Second by Weiner,2.713389121338912,0.8730822873082287,1.0,1.0,0.792608089260809,0.08047419804741981,0.05160390516039052,0.07531380753138076,1.0,0.3743890518084067,0.9738955823293172,0
48,PSO Gambler Mem1,2.709205020920502,0.8200836820083682,35.0,1.0,0.7344490934449094,0.08563458856345885,0.07977684797768479,0.100139470013947,1.0,0.556929845516802,0,0.22847691062174968
49,Forgetful Fool Me Once: 0.05,2.707112970711297,0.8453277545327754,24.0,1.0,0.7609483960948397,0.08437935843793584,0.06750348675034867,0.08716875871687586,1.0,0.6650744616764035,0.20241656491656493,0.16563845511213934
50,Meta Majority: 217 players,2.704602510460251,0.8492329149232914,0.0,1.0,0.7584379358437936,0.0907949790794979,0.0694560669456067,0.08131101813110181,1.0,0.14285714285714285,0.9841269841269841,0
51,Hard Tit For Tat,2.7041841004184097,0.7436541143654114,58.0,1.0,0.696234309623431,0.04741980474198048,0.08898186889818689,0.16736401673640167,1.0,0,0.29168083900226754,0
52,"General Soft Grudger: n=1,d=4,c=2",2.702928870292887,0.8108786610878661,34.0,1.0,0.7298465829846583,0.08103207810320781,0.0803347280334728,0.1087866108786611,1.0,0.38748832866479926,0.34981523731523734,0.324059472273758
53,Soft Grudger,2.701673640167364,0.8124128312412832,33.0,1.0,0.7322175732217573,0.0801952580195258,0.07810320781032079,0.1094839609483961,1.0,0.36854761904761896,0.35213112271935804,0.3165070012292234
54,NMWE Finite Memory: 81 players,2.700418410041841,0.7711297071129707,42.0,1.0,0.700836820083682,0.07029288702928871,0.09302649930264993,0.13584379358437937,0.9170186310300689,0.42860372831303073,0.2872561529379711,0.2485322461532336
55,Forgiving Tit For Tat,2.6999999999999997,0.8475592747559275,0.0,1.0,0.7588563458856347,0.08870292887029288,0.06722454672245468,0.08521617852161785,1.0,0,1.0,0
56,"Omega TFT: 3, 8",2.697489539748954,0.8523012552301256,7.0,1.0,0.7666666666666666,0.08563458856345886,0.06234309623430963,0.08535564853556485,1.0,0.2608730158730158,0.9107593795093795,0.5799319727891156
57,Second by Grofman,2.697489539748954,0.8580195258019526,19.0,1.0,0.7767085076708508,0.08131101813110181,0.05634588563458856,0.08563458856345886,0.9908296943231442,0.5800870811287477,0.7174194677871147,0
58,Second by Tideman and Chieruzzi,2.697489539748954,0.8232914923291492,18.0,1.0,0.7525801952580196,0.07071129707112972,0.06666666666666667,0.1100418410041841,1.0,0,0.7530497592295347,0.125
59,PSO Gambler 2_2_2,2.6958158995815897,0.8344490934449094,25.0,1.0,0.7417015341701535,0.09274755927475593,0.07629009762900976,0.08926080892608089,0.9388028923309297,0.6686528885058296,0.622444831591173,0.488003762110905
60,Meta Majority Memory One: 37 players,2.694979079497908,0.8397489539748954,6.0,1.0,0.7527196652719665,0.08702928870292888,0.06903765690376569,0.09121338912133892,0.9976617882233447,0.1781057326511872,0.9153582372683495,0.17348534379426828
61,Once Bitten,2.694560669456067,0.8649930264993027,20.0,1.0,0.7765690376569038,0.08842398884239888,0.056624825662482565,0.07838214783821479,1.0,0.74484126984127,0,0
62,"First by Feld: 1.0, 0.5, 200",2.694142259414226,0.8309623430962343,15.0,1.0,0.7370990237099023,0.09386331938633194,0.07880055788005579,0.0902370990237099,0.9855340728337801,0,0.9909514269018401,0
63,Inverse,2.692887029288703,0.7888423988842399,35.0,1.0,0.7198047419804742,0.06903765690376569,0.08158995815899582,0.1295676429567643,0.9702906815406817,0,0.6170014055556224,0
64,Meta Majority Long Memory: 136 players,2.692468619246862,0.8419804741980474,1.0,1.0,0.7523012552301256,0.0896792189679219,0.06875871687587169,0.08926080892608089,1.0,0,0.9802287581699348,0
65,Meta Majority Finite Memory: 81 players,2.690794979079498,0.8386331938633194,9.0,1.0,0.7472803347280335,0.0913528591352859,0.07182705718270573,0.08953974895397489,1.0,0.34270833333333334,0.9169896640826873,0
66,Resurrection,2.689121338912134,0.8444909344490934,1.0,1.0,0.7543933054393306,0.09009762900976291,0.06792189679218968,0.08758716875871687,1.0,0,0.996638655462185,0
67,Tit For Tat,2.687866108786611,0.8433751743375174,0.0,1.0,0.7516039051603904,0.09177126917712691,0.06889818688981869,0.08772663877266387,1.0,0,1.0,0
68,NMWE Stochastic: 68 players,2.6874476987447697,0.7867503486750349,38.0,1.0,0.7083682008368202,0.07838214783821479,0.08870292887029288,0.12454672245467224,0.91466853176966,0.4090023994093761,0.3504298518383025,0.2657432309275822
69,Second by Borufsen,2.685774058577406,0.8747559274755927,0.0,1.0,0.7815899581589959,0.09316596931659693,0.05439330543933055,0.0708507670850767,1.0,0.2523391812865497,1.0,0.29023301801079576
70,Two Tits For Tat,2.685774058577406,0.7596931659693166,50.0,1.0,0.6998605299860531,0.059832635983263605,0.08591352859135287,0.15439330543933052,1.0,0,0.41424242424242425,0
71,Worse and Worse 2,2.684937238493724,0.8405857740585774,0.0,1.0,0.7475592747559274,0.09302649930264993,0.0695955369595537,0.08981868898186889,1.0,0,1.0,0
72,AdaptorBrief,2.684518828451883,0.8179916317991632,19.0,0.9790794979079498,0.7245467224546722,0.09344490934449093,0.08242677824267781,0.099581589958159,0.9850012132040894,0.4779212189926476,0.9318960129983752,0.44031279178338006
73,Calculator,2.683682008368201,0.7072524407252441,83.0,1.0,0.5870292887029289,0.1202231520223152,0.15425383542538354,0.1384937238493724,0.8839971769506377,0,0.9207036427624662,0
74,Second by GraaskampKatzen,2.683682008368201,0.8419804741980474,0.0,1.0,0.7506276150627615,0.0913528591352859,0.06806136680613668,0.0899581589958159,1.0,0,1.0,0
75,Soft Joss: 0.9,2.682426778242678,0.8658298465829847,0.0,1.0,0.7714086471408648,0.09442119944211995,0.05829846582984658,0.07587168758716875,1.0,0.24329420579420577,1.0,0.1989686404864976
76,Adaptive Tit For Tat: 0.5,2.680753138075314,0.8422594142259414,0.0,1.0,0.7483960948396096,0.09386331938633194,0.0707112970711297,0.08702928870292888,1.0,0,1.0,0
77,Contrite Tit For Tat,2.680334728033473,0.8437935843793585,0.0,1.0,0.7495118549511854,0.09428172942817295,0.07154811715481173,0.08465829846582985,1.0,0,1.0,0
78,"Memory Decay: 0.1, 0.03, -2, 1, Tit For Tat, 15",2.680334728033473,0.8435146443514644,0.0,1.0,0.7520223152022315,0.09149232914923291,0.06889818688981869,0.08758716875871687,1.0,0,1.0,0
79,First by Graaskamp: 0.05,2.6778242677824267,0.8397489539748954,0.0,1.0,0.7461645746164575,0.09358437935843794,0.07001394700139471,0.0902370990237099,1.0,0,1.0,0
80,Doubler,2.6769874476987447,0.8566248256624825,0.0,1.0,0.7598326359832636,0.09679218967921896,0.06178521617852162,0.08158995815899582,1.0,0.633891033891034,1.0,0
81,"ZD-GTFT-2: 0.25, 0.5",2.6711297071129705,0.8790794979079498,0.0,1.0,0.7785216178521618,0.10055788005578802,0.054811715481171544,0.06610878661087867,1.0,0.2143896741118963,1.0,0.3458868601602165
82,Second by Harrington,2.6686192468619243,0.8707112970711297,0.0,1.0,0.7746164574616458,0.09609483960948396,0.054811715481171544,0.07447698744769875,1.0,0.30919540229885056,1.0,0.25853324915824916
83,AdaptorLong,2.6665271966527193,0.7647140864714086,47.0,0.9874476987447699,0.6814504881450488,0.08326359832635984,0.09456066945606695,0.1407252440725244,0.9894685307425793,0.1841269841269841,0.2675925925925926,0.5114467988152198
84,Soft Go By Majority: 5,2.6648535564853555,0.8635983263598327,12.0,1.0,0.7591352859135286,0.10446304044630406,0.06471408647140865,0.07168758716875871,1.0,0.7147029299203211,0.7511398176291794,0
85,Revised Downing,2.6644351464435143,0.8828451882845189,14.0,1.0,0.7801952580195258,0.10264993026499303,0.05090655509065551,0.06624825662482567,0.9860075153543199,0.7920127711794379,0.7215686274509804,0.6063888888888889
86,GrudgerAlternator,2.6602510460251043,0.8464435146443514,21.0,1.0,0.7301255230125523,0.11631799163179916,0.0789400278940028,0.07461645746164575,0.9159968641558971,0,1.0,1.0
87,Second by Getzler,2.659414225941423,0.8595536959553696,9.0,1.0,0.7672245467224547,0.09232914923291492,0.054532775453277546,0.08591352859135287,0.9632280164968947,0.4247675781009114,0.7468578186932616,0.3633291772826656
88,Second by Kluepfel,2.6585774058577405,0.8546722454672245,9.0,1.0,0.7645746164574616,0.09009762900976291,0.05411436541143654,0.09121338912133892,0.9824573348325256,0.38516702935307584,0.77183029590437,0.2031570096570096
89,Gradual,2.6560669456066943,0.8895397489539749,6.0,1.0,0.7847977684797768,0.10474198047419805,0.04769874476987448,0.06276150627615062,1.0,0.38550903119868635,0.7909557109557109,0.6571311558811559
90,Thumper,2.6556485355648536,0.7824267782426778,28.0,1.0,0.7142259414225941,0.06820083682008368,0.07391910739191074,0.14365411436541145,1.0,0,0.6454873409418863,0
91,Worse and Worse 3,2.6548117154811717,0.8479776847977685,18.0,1.0,0.7476987447698744,0.10027894002789399,0.06555090655509065,0.08647140864714087,0.9351175151756187,0.5252021879928855,0.6403390313390313,0.4694226579520696
92,First by Joss: 0.9,2.6539748953974893,0.7160390516039051,75.0,1.0,0.599023709902371,0.11701534170153416,0.14295676429567641,0.14100418410041843,0.8989236019846295,0,0.9170939918667191,0
93,Original Gradual,2.6518828451882843,0.899302649930265,4.0,1.0,0.7914923291492328,0.10781032078103207,0.043933054393305436,0.056764295676429564,1.0,0.3795025376921929,0.8458503401360544,0.7494724025974026
94,Firm But Fair,2.6506276150627617,0.8796373779637378,0.0,1.0,0.7663877266387726,0.11324965132496513,0.056764295676429564,0.06359832635983263,1.0,0,1.0,0.6956592360280884
95,Remorseful Prober: 0.1,2.6485355648535567,0.7211994421199442,73.0,1.0,0.5947001394700139,0.12649930264993026,0.14588563458856346,0.13291492329149232,0.890589199204702,0,0.9342169394205595,0.5606098393332436
96,Soft Go By Majority,2.6476987447698743,0.8751743375174338,14.0,1.0,0.7620641562064155,0.11311018131101813,0.05815899581589958,0.06666666666666667,1.0,0.7784156920520556,0.773469387755102,0
97,Soft Go By Majority: 20,2.6422594142259412,0.8772663877266388,15.0,1.0,0.7598326359832636,0.11743375174337517,0.059972105997210604,0.06276150627615062,1.0,0.7799428429863212,0.8029513888888888,0
98,Meta Winner Memory One: 37 players,2.6414225941422593,0.3291492329149233,174.0,1.0,0.22566248256624824,0.10348675034867504,0.3200836820083682,0.3507670850767085,0.5347298625682905,0.5091022384410814,0.19967450689218,0.31415095765441786
99,Soft Go By Majority: 40,2.6410041841004186,0.8735006973500697,15.0,1.0,0.7598326359832636,0.11366806136680614,0.058716875871687585,0.06778242677824267,1.0,0.8044083021355749,0.7850378787878788,0
100,Naive Prober: 0.1,2.6401673640167362,0.702510460251046,83.0,1.0,0.5831241283124129,0.1193863319386332,0.1502092050209205,0.14728033472803348,0.8898766391223195,0,0.9190758587817411,0
101,Second by Tranquilizer,2.6401673640167362,0.8543933054393306,18.0,1.0,0.7456066945606694,0.1087866108786611,0.06582984658298466,0.07977684797768479,0.9813774474118191,0.5803301636634969,1.0,0.9166666666666666
102,"N Tit(s) For M Tat(s): 3, 2",2.6393305439330543,0.8846582984658299,10.0,1.0,0.7861924686192469,0.09846582984658299,0.040585774058577405,0.07475592747559275,1.0,0.7352785558667913,0.33616780045351474,0.3661816578483245
103,ZD-Mem2,2.6393305439330543,0.7715481171548118,66.0,1.0,0.6545327754532776,0.11701534170153416,0.11269177126917712,0.11576011157601117,0.8958725705382932,0.46469587057822354,0.84925733988234,0.3661835187086735
104,First by Shubik,2.6372384937238493,0.8566248256624825,9.0,1.0,0.7576011157601116,0.099023709902371,0.054811715481171544,0.0885634588563459,1.0,0,0.6847167325428195,0.6638567138567137
105,"ZD-Mischief: 0.1, 0.0, 1",2.6368200836820086,0.47280334728033474,171.0,1.0,0.401952580195258,0.0708507670850767,0.2298465829846583,0.29735006973500694,0.7763055262833222,0.6501347021989223,0.22755840797438004,0
106,Second by Eatherley,2.6359832635983262,0.9006973500697351,0.0,1.0,0.7934449093444909,0.10725244072524406,0.04142259414225941,0.057880055788005584,1.0,0.5450865663828627,1.0,0.4961428731036574
107,Nice Average Copier,2.6338912133891212,0.8411436541143654,18.0,1.0,0.7383542538354254,0.10278940027894003,0.06555090655509065,0.09330543933054393,0.9334963860020292,0.5141757506215338,0.6406856130882106,0.46922283376160384
108,Slow Tit For Two Tats 2,2.6305439330543936,0.8920502092050209,3.0,1.0,0.7927475592747559,0.099302649930265,0.03612273361227336,0.07182705718270573,1.0,0.738849599245639,0.4596560846560846,0
109,Soft Go By Majority: 10,2.6284518828451886,0.8707112970711297,16.0,1.0,0.7539748953974895,0.11673640167364016,0.05913528591352859,0.0701534170153417,1.0,0.779339275981067,0.8080547112462005,0
110,Dynamic Two Tits For Tat,2.6280334728033474,0.8662482566248256,10.0,1.0,0.7635983263598326,0.10264993026499303,0.05090655509065551,0.08284518828451883,0.9679830985923005,0.5257232392774561,0.695640142021721,0.42614526503154326
111,"ZD-Extort3: 0.11538461538461539, 0.3333333333333333, 1",2.627196652719665,0.5545327754532775,148.0,1.0,0.47489539748953974,0.07963737796373781,0.18312412831241281,0.2623430962343096,0.812929580823388,0.6171404631150395,0.3827722785148288,0
112,DoubleResurrection,2.6263598326359836,0.6905160390516039,108.0,1.0,0.5382147838214784,0.15230125523012553,0.17545327754532777,0.13403068340306834,0.8666347577877714,0,1.0,0.15395743145743143
113,Burn Both Ends,2.617991631799163,0.7089260808926081,79.0,1.0,0.598047419804742,0.1108786610878661,0.13821478382147837,0.15285913528591352,0.892019926189746,0,0.9160969817219816,0
114,Win-Stay Lose-Shift,2.616317991631799,0.8423988842398884,19.0,1.0,0.7298465829846583,0.11255230125523012,0.06596931659693166,0.09163179916317991,1.0,0,0,1.0
115,Prober 3,2.615899581589958,0.27266387726638774,135.0,0.0,0.12384937238493725,0.1488145048814505,0.38131101813110185,0.34602510460251046,0.9250219566009039,0,0.6883241413585784,0.328472431960804
116,"ZD-Extort-2 v2: 0.125, 0.5, 1",2.614225941422594,0.6334728033472803,115.0,1.0,0.5379358437935844,0.09553695955369595,0.1571827057182706,0.2093444909344491,0.8682574753363086,0.5762539184952978,0.47731417518651564,0
117,Meta Winner Stochastic: 68 players,2.614225941422594,0.3483960948396095,179.0,1.0,0.24588563458856347,0.10251046025104603,0.30529986052998603,0.3463040446304045,0.530386481989046,0.5208675424192666,0.21965875560540088,0.25249954985015677
118,GTFT: 0.33,2.613807531380753,0.9006973500697351,0.0,1.0,0.7899581589958159,0.1107391910739191,0.03626220362622036,0.06304044630404462,1.0,0.42259842870307995,1.0,0.4143375492432096
119,Prober,2.613807531380753,0.4691771269177127,89.0,0.0,0.3211994421199442,0.1479776847977685,0.28005578800557884,0.2507670850767085,0.8082490409319678,0.6019122190263131,0.7565338752838753,0.44377018043684713
120,VeryBad,2.61255230125523,0.8937238493723849,4.0,1.0,0.7880055788005579,0.10571827057182705,0.03542538354253835,0.0708507670850767,0.9992625368731562,0.7659402625422043,0.8137755102040816,0
121,"ZD-GEN-2: 0.125, 0.5, 3",2.610460251046025,0.8760111576011158,13.0,1.0,0.7654114365411436,0.11059972105997211,0.04769874476987448,0.07629009762900976,1.0,0.530017205017205,0.6183641975308642,0.22641807952812737
122,Hard Tit For 2 Tats,2.606276150627615,0.902928870292887,0.0,1.0,0.7948396094839609,0.10808926080892607,0.03138075313807531,0.06569037656903766,1.0,0.7285174946066036,0.46695402298850575,0.5324143692564745
123,Detective,2.601673640167364,0.5543933054393305,66.0,1.0,0.398047419804742,0.15634588563458857,0.24114365411436542,0.20446304044630403,0.6449097603184972,0.5794039294039295,0.7855751271335685,0.5316273343059057
124,Stochastic Cooperator,2.601673640167364,0.7232914923291492,78.0,1.0,0.6057182705718271,0.11757322175732218,0.1298465829846583,0.14686192468619247,0.926476429337638,0.3720411532911532,0.4112239977958396,0.5338464083687015
125,Appeaser,2.600836820083682,0.8403068340306834,22.0,1.0,0.7262203626220363,0.11408647140864714,0.06666666666666667,0.09302649930264993,1.0,0,0,1.0
126,Second by Leyvraz,2.6,0.8725244072524407,4.0,1.0,0.7588563458856347,0.11366806136680614,0.05090655509065551,0.07656903765690377,0.9493992921621836,0.4977310287916349,0.7897656492593202,0.5794842219184324
127,Evolved ANN 5 Noise 05,2.599581589958159,0.9311018131101814,8.0,1.0,0.8026499302649931,0.12845188284518827,0.03165969316596932,0.037238493723849374,0.9907010014306152,0.8182950920790288,0.9314465408805032,0.5303030303030303
128,"ZD-Extort-2: 0.1111111111111111, 0.5",2.592050209205021,0.6369595536959554,113.0,1.0,0.5423988842398884,0.09456066945606695,0.1517433751743375,0.2112970711297071,0.8731891089491438,0.6379809482632063,0.4533936301793445,0
129,Delayed AON1,2.5916317991631797,0.8457461645746165,18.0,1.0,0.7266387726638772,0.1191073919107392,0.06638772663877267,0.08786610878661087,0.9911042277054138,0.3693386243386243,0,1.0
130,Meta Winner Ensemble: 217 players,2.591213389121339,0.32398884239888426,167.0,0.9456066945606695,0.2107391910739191,0.11324965132496513,0.3209205020920502,0.35509065550906554,0.4391161616161616,0.4397139431312094,0.24512846169957908,0.27898936749595843
131,Nice Meta Winner: 217 players,2.5895397489539747,0.8815899581589958,17.0,1.0,0.7502092050209206,0.13138075313807532,0.05369595536959554,0.06471408647140865,0.9347495076298638,0.8564696981295278,0.4593025493025493,0.5603556166056166
132,Tit For 2 Tats,2.588284518828452,0.9200836820083682,0.0,1.0,0.8086471408647141,0.11143654114365412,0.02175732217573222,0.05815899581589958,1.0,0.7463997113997114,1.0,0
133,Second by Cave,2.587866108786611,0.9251046025104602,0.0,1.0,0.797768479776848,0.12733612273361228,0.030264993026499303,0.044630404463040445,1.0,0.5145750083250084,1.0,0.6140022271966716
134,Meta Winner Long Memory: 136 players,2.5874476987447697,0.6082287308228731,136.0,1.0,0.4302649930264993,0.17796373779637378,0.2301255230125523,0.1616457461645746,0.6610226161450478,0.7170165597576652,0.4941995041995042,0.7270524614274615
135,First by Grofman,2.584100418410042,0.8871687587168758,9.0,1.0,0.7610878661087866,0.12608089260808925,0.046582984658298465,0.06624825662482567,1.0,0.2945536081565493,0.434705947647124,1.0
136,Hard Prober,2.5811715481171547,0.43193863319386333,93.0,0.0,0.2824267782426778,0.1495118549511855,0.2903765690376569,0.27768479776847976,0.8492280336542632,0.592121212121212,0.4376261152042402,0.5683842667936305
137,Stochastic WSLS: 0.05,2.580334728033473,0.7453277545327754,54.0,1.0,0.6057182705718271,0.1396094839609484,0.12677824267782428,0.12789400278940027,0.9440252153282651,0.2141932141932142,0.2275940761234879,0.9646150038591901
138,Meta Winner Finite Memory: 81 players,2.577405857740586,0.5140864714086472,137.0,1.0,0.33110181311018133,0.18298465829846583,0.27503486750348677,0.2108786610878661,0.6269377903420457,0.859196935466989,0.30441481667373665,0.6115744435576836
139,Prober 4,2.571548117154812,0.5,144.0,1.0,0.30474198047419804,0.19525801952580193,0.2903765690376569,0.2096234309623431,0.42052460142737924,0.48585957151530923,0.5769589394589393,0.5563248204309656
140,"ZD-Extortion: 0.2, 0.1, 1",2.5686192468619247,0.36499302649930265,192.0,1.0,0.29372384937238494,0.07126917712691772,0.2624825662482566,0.37252440725244074,0.6247069095753306,0.4449754901960784,0.3502719166659264,0
141,Raider,2.5635983263598328,0.3514644351464435,98.0,0.0,0.201534170153417,0.1499302649930265,0.3298465829846583,0.3186889818688982,0.9269929846938776,0.6319136745607334,0.45972406464209736,0.5231704425908578
142,Meta Mixer: 217 players,2.5610878661087866,0.6557880055788006,98.0,0.8563458856345886,0.48535564853556484,0.1704323570432357,0.1898186889818689,0.15439330543933052,0.7295820041441088,0.4655486116693014,0.7278334829421785,0.48784539534539534
143,Second by Yamachi,2.5585774058577404,0.9158995815899582,0.0,1.0,0.7863319386331938,0.12956764295676432,0.029567642956764298,0.054532775453277546,0.9397483625597268,0.7848786801757097,0.9878048780487805,0.7685185185185184
144,"DBS: 0.75, 3, 4, 3, 5",2.5548117154811716,0.9192468619246862,3.0,1.0,0.7860529986052999,0.13319386331938635,0.03110181311018131,0.0496513249651325,0.9968117408906882,0.8551241258741258,1.0,0.6309523809523808
145,TF1,2.5510460251046028,0.42329149232914925,169.0,1.0,0.2965132496513249,0.12677824267782428,0.2697350069735007,0.3069735006973501,0.4204650626725231,0.7147161689534571,0.5820001466986392,0.405890835355121
146,First by Nydegger,2.5493723849372385,0.902231520223152,19.0,1.0,0.7482566248256626,0.15397489539748951,0.05216178521617852,0.04560669456066946,0.9826603577210702,0.8118856024358417,0.6079638752052546,0.6959288653733098
147,Random Tit for Tat: 0.5,2.5493723849372385,0.6606694560669456,91.0,1.0,0.4885634588563459,0.17210599721059971,0.18661087866108786,0.15271966527196654,0.750959453651606,0.37957573651004306,0.9061764504652436,0.31890002172260234
148,Meta Winner Deterministic: 149 players,2.5489539748953978,0.6324965132496513,126.0,1.0,0.42454672245467223,0.20794979079497908,0.22663877266387725,0.1408647140864714,0.6534079046376206,0.8838789107505685,0.5363058387251936,0.7197530864197531
149,First by Downing,2.5443514644351466,0.3232914923291492,115.0,0.0,0.1891213389121339,0.13417015341701535,0.32552301255230126,0.3511854951185495,0.9369450895424921,0.6567694706087562,0.31582336942618827,0.6475299603128684
150,"ZD-SET-2: 0.25, 0.0, 2",2.5443514644351466,0.5691771269177127,120.0,1.0,0.4227336122733612,0.14644351464435146,0.21422594142259416,0.21659693165969315,0.7239102300670384,0.3862254885510699,0.5389714794423314,0.3522109656589893
151,"ZD-Extort-4: 0.23529411764705882, 0.25, 1",2.5418410041841004,0.402649930264993,184.0,1.0,0.3186889818688982,0.08396094839609484,0.24741980474198047,0.3499302649930265,0.6229129841661336,0,0.49112526869376183,0
152,Second by Appold,2.5397489539748954,0.9234309623430962,3.0,1.0,0.7831241283124127,0.1403068340306834,0.02914923291492329,0.04741980474198048,0.9518296476071864,0.8386818199568056,0.8815104166666666,0.5349435286935288
153,Second by Black,2.5376569037656904,0.9401673640167364,0.0,1.0,0.799721059972106,0.1404463040446304,0.02105997210599721,0.03877266387726639,0.9830825315726804,0.8664490033867196,0.8223698781838318,0.502977392977393
154,Meta Winner: 217 players,2.5364016736401678,0.6495118549511855,122.0,1.0,0.4394700139470014,0.2100418410041841,0.21868898186889818,0.13179916317991633,0.6858025405122261,0.888040729480358,0.5073031062504746,0.6677183456844473
155,Second by Gladstein,2.5313807531380754,0.5861924686192469,57.0,0.0,0.4177126917712692,0.16847977684797769,0.21520223152022316,0.19860529986053,0.7906597167976032,0.629226756149833,1.0,0.5449737328643579
156,Knowledgeable Worse and Worse,2.5292887029288704,0.44881450488145047,162.0,0.895397489539749,0.3072524407252441,0.14156206415620642,0.2714086471408647,0.27977684797768476,0.5681297712659606,0.49760586209972707,0.3681848000760449,0.2961798681890706
157,Ripoff,2.5292887029288704,0.5691771269177127,71.0,0.0,0.401534170153417,0.1676429567642957,0.22245467224546722,0.20836820083682006,0.8635758917447722,0.6208141012776774,1.0,0.5633229596192559
158,Predator,2.5271966527196654,0.23472803347280335,169.0,1.0,0.12259414225941423,0.11213389121338913,0.3471408647140865,0.4181311018131102,0.6464731214731214,0,0.3128926482873851,0.2415675994609375
159,CollectiveStrategy,2.526359832635983,0.11715481171548117,221.0,1.0,0.09511854951185496,0.02203626220362622,0.33807531380753136,0.5447698744769874,0.6138888888888889,0,0,0.4953721659604013
160,Second by Rowsam,2.5246861924686193,0.9324965132496513,7.0,1.0,0.7772663877266387,0.15523012552301255,0.030822873082287306,0.036680613668061364,0.9214498466224534,0.7697785940210182,1.0,1.0
161,Meta Hunter: 6 players,2.5230125523012554,0.9284518828451883,14.0,1.0,0.7768479776847977,0.15160390516039052,0.03082287308228731,0.04072524407252441,0.9749387974071574,0.8984119621874724,0.9444444444444444,0.8676470588235294
162,Second by Tester,2.521338912133891,0.5821478382147838,60.0,0.0,0.41534170153417016,0.16680613668061367,0.21617852161785214,0.20167364016736403,0.7821841594078436,0.6345496239014757,1.0,0.5697560636085227
163,TF2,2.51673640167364,0.32105997210599724,189.0,1.0,0.22482566248256625,0.09623430962343096,0.2885634588563459,0.3903765690376569,0.30790815997018045,0,0.6774697402450707,0.3597977069615724
164,Cycler CCCDCD,2.5154811715481173,0.7,116.0,1.0,0.4651324965132496,0.23486750348675034,0.20641562064156208,0.09358437935843794,0.5996773421020045,0.5914392723381486,1.0,1.0
165,Sneaky Tit For Tat,2.4987447698744774,0.6216178521617852,79.0,1.0,0.40697350069735005,0.21464435146443514,0.22566248256624827,0.15271966527196654,0.7255774080654644,0.6654157130347608,0.6209543166860241,0.7944872453347029
166,Average Copier,2.494560669456067,0.6970711297071129,67.0,0.499302649930265,0.5514644351464436,0.14560669456066944,0.13668061366806136,0.16624825662482567,0.8901796366236414,0.5301316164373489,0.7945879158548841,0.48259044591487626
167,Alternator,2.493723849372385,0.5,127.0,1.0,0.2389121338912134,0.2610878661087866,0.3211994421199442,0.1788005578800558,0,0,1.0,1.0
168,Second by Colbert,2.478661087866109,0.8135285913528592,63.0,1.0,0.6223152022315203,0.1912133891213389,0.10362622036262203,0.08284518828451883,0.869919606524962,0.7064113410296682,0.9432478632478632,0.7261904761904763
169,UsuallyDefects,2.478661087866109,0.11896792189679219,164.0,0.0,0.026638772663877267,0.09232914923291492,0.37796373779637377,0.503068340306834,0,0,0,0.5141243747587576
170,Second by Mikkelson,2.474476987447699,0.9700139470013946,0.0,1.0,0.8132496513249652,0.15676429567642958,0.0011157601115760112,0.02887029288702929,1.0,0.8666045963840081,1.0,1.0
171,Meta Hunter Aggressive: 7 players,2.474476987447699,0.6849372384937239,112.0,1.0,0.4490934449093445,0.23584379358437937,0.20516039051603904,0.1099023709902371,0.7746384521999714,0.9549334093611453,1.0,0.9468201754385964
172,Second by WmAdams,2.471548117154812,0.9645746164574617,0.0,1.0,0.801534170153417,0.16304044630404463,0.007670850767085078,0.02775453277545328,1.0,0.856801586213351,0,1.0
173,Handshake,2.4598326359832634,0.15355648535564853,210.0,1.0,0.11018131101813111,0.04337517433751743,0.32161785216178523,0.5248256624825662,0.6562358276643991,0.9591666666666667,0,0.6224747474747474
174,Fortress3,2.458995815899582,0.19623430962343097,151.0,0.0,0.04769874476987448,0.14853556485355648,0.3785216178521618,0.4252440725244072,1.0,0,0,0.4366649985028488
175,UsuallyCooperates,2.4535564853556484,0.9606694560669456,0.0,1.0,0.7715481171548118,0.1891213389121339,0.025244072524407253,0.01408647140864714,0.9322897480037486,1.0,1.0,1.0
176,ThueMorse,2.4527196652719665,0.5,129.0,0.0,0.23193863319386335,0.2680613668061367,0.31408647140864715,0.18591352859135288,0.4269221975207891,0.5289122963325091,0.7885627895496317,0.804257890895822
177,Defector Hunter,2.4464435146443515,0.9796373779637378,0.0,1.0,0.801813110181311,0.17782426778242677,0.003905160390516039,0.016457461645746164,1.0,0.9713771377137714,1.0,0
178,Math Constant Hunter,2.4418410041841003,0.9596931659693166,10.0,1.0,0.7708507670850766,0.1888423988842399,0.02203626220362622,0.018270571827057186,0.9779497009317535,0.934092058462768,0,0.982456140350877
179,Fortress4,2.4259414225941422,0.12482566248256625,136.0,0.0,0.012691771269177126,0.11213389121338913,0.37935843793584384,0.49581589958158995,1.0,0,0,0.28138126752569736
180,Prober 2,2.415899581589958,0.696513249651325,62.0,0.0,0.5108786610878662,0.18563458856345885,0.14463040446304046,0.1588563458856346,1.0,0.7108607796107796,1.0,0.6013888888888889
181,Tricky Defector,2.413807531380753,0.19735006973500696,156.0,0.0,0.04435146443514644,0.15299860529986054,0.3694560669456067,0.4331938633193863,0,1.0,0,0.25802866449103207
182,Second by White,2.4125523012552303,1.0,0.0,1.0,0.804323570432357,0.19567642956764295,0.0,0.0,1.0,1.0,0,0
183,ALLCorALLD,2.409623430962343,0.595536959553696,88.0,0.595536959553696,0.48033472803347277,0.11520223152022314,0.14323570432357044,0.2612273361227336,1.0,1.0,0,0
184,"Bush Mosteller: 0.5, 0.5, 3.0, 0.5",2.408786610878661,0.43793584379358436,125.0,0.5383542538354253,0.24532775453277544,0.1926080892608089,0.2785216178521618,0.28354253835425386,0.5069478437455025,0.4074934691998184,0.43569374648084136,0.4824339247824431
185,Random Hunter,2.408786610878661,1.0,0.0,1.0,0.8027894002789401,0.19721059972105998,0.0,0.0,1.0,1.0,0,0
186,Win-Shift Lose-Stay: D,2.407112970711297,0.5336122733612273,131.0,0.0,0.24407252440725244,0.2895397489539749,0.300557880055788,0.16582984658298466,0,1.0,1.0,0
187,First by Davis: 10,2.4062761506276154,1.0,0.0,1.0,0.803486750348675,0.19651324965132497,0.0,0.0,1.0,1.0,0,0
188,Eventual Cycle Hunter,2.402510460251046,1.0,0.0,1.0,0.8008368200836821,0.199163179916318,0.0,0.0,1.0,1.0,0,0
189,Level Punisher,2.402510460251046,1.0,0.0,1.0,0.799023709902371,0.200976290097629,0.0,0.0,1.0,1.0,0,0
190,First by Tullock,2.401255230125523,1.0,0.0,1.0,0.8005578800557881,0.199442119944212,0.0,0.0,1.0,1.0,0,0
191,"Grumpy: Nice, 10, -10",2.401255230125523,1.0,0.0,1.0,0.801534170153417,0.198465829846583,0.0,0.0,1.0,1.0,0,0
192,Cycler CCD,2.400418410041841,0.7,72.0,1.0,0.41562064156206413,0.2843793584379358,0.21394700139470013,0.08605299860529986,0.478925017433986,0.6678344576130614,1.0,1.0
193,Cooperator,2.397489539748954,1.0,0.0,1.0,0.799023709902371,0.200976290097629,0.0,0.0,1.0,1.0,0,0
194,Arrogant QLearner,2.3953974895397487,0.9546722454672245,23.0,0.9581589958158996,0.7364016736401674,0.21827057182705717,0.035843793584379356,0.009483960948396094,0.9498813972138859,0.9712331959431165,0.981981981981982,1.0
195,Worse and Worse,2.394560669456067,0.9965132496513249,4.0,0.99860529986053,0.7947001394700139,0.201813110181311,0.002789400278940028,0.000697350069735007,0.9965828068239309,0.9949327457047897,1.0,1.0
196,Alternator Hunter,2.394142259414226,0.9916317991631799,1.0,1.0,0.790376569037657,0.20125523012552302,0.0036262203626220364,0.004741980474198047,0.995147986414362,0.9945533769063181,0,0
197,Cycle Hunter,2.393723849372385,0.9899581589958159,1.0,1.0,0.7885634588563459,0.20139470013947,0.005160390516039052,0.004881450488145049,0.9934697855750487,0.9852750809061488,0,0
198,Defector,2.392468619246862,0.0,223.0,0.0,0.0,0.0,0.3474198047419805,0.6525801952580196,0,0,0,0
199,Second by Champion,2.389958158995816,1.0,0.0,1.0,0.7969316596931659,0.20306834030683402,0.0,0.0,1.0,1.0,0,0
200,Suspicious Tit For Tat,2.389958158995816,0.507112970711297,113.0,0.0,0.32315202231520224,0.18396094839609484,0.23193863319386335,0.2609483960948396,1.0,0,1.0,0
201,Better and Better,2.3828451882845187,0.005857740585774059,220.0,0.0,0.0012552301255230125,0.004602510460251046,0.3468619246861925,0.6472803347280335,0,1.0,0.053725454284277815,0.0561788345346837
202,Hesitant QLearner,2.3807531380753137,0.9510460251046026,27.0,0.9483960948396095,0.7213389121338912,0.22970711297071128,0.037935843793584376,0.01101813110181311,0.948003067929701,0.9595435263283347,0.9657534246575342,0.953125
203,ShortMem,2.3799163179916314,1.0,0.0,1.0,0.794281729428173,0.20571827057182704,0.0,0.0,1.0,1.0,0,0
204,Random: 0.5,2.37907949790795,0.503905160390516,113.0,0.5076708507670851,0.28005578800557884,0.22384937238493724,0.26178521617852163,0.23430962343096234,0.523610227941829,0.5298394383394384,0.5120929687596354,0.5494184922838474
205,First by Anonymous,2.3744769874476988,0.496931659693166,114.0,0.5313807531380753,0.27433751743375173,0.22259414225941423,0.26778242677824265,0.23528591352859135,0.4984898897398898,0.49110977563599995,0.5323386704623574,0.5517841356794011
206,Desperate,2.372803347280335,0.33152022315202234,115.0,0.5230125523012552,0.09442119944211995,0.23709902370990235,0.3536959553695955,0.31478382147838213,0,0,0,1.0
207,Cycler DDC,2.3723849372384938,0.3,143.0,0.0,0.09637377963737798,0.20362622036262204,0.3495118549511855,0.3504881450488145,0,0,0.4707785107049813,0.6999914636970475
208,Cautious QLearner,2.3594142259414226,0.9503486750348675,22.0,0.9609483960948396,0.7225941422594142,0.22775453277545327,0.03682008368200837,0.012831241283124127,0.9475901708884361,0.9482557558640756,0.978286384976526,0.9821428571428571
209,Meta Minority: 217 players,2.3539748953974895,0.45578800557880056,122.0,0.0,0.1302649930264993,0.32552301255230126,0.3536959553695955,0.19051603905160389,0.27595704948646127,1.0,0,1.0
210,ThueMorseInverse,2.3518828451882845,0.5,88.0,1.0,0.23514644351464437,0.26485355648535563,0.2863319386331939,0.21366806136680616,0.3073435725031469,0.42147058823529415,0.5224894896769897,0.8176628089944673
211,Cycler CCCD,2.3514644351464433,0.8,65.0,1.0,0.5227336122733612,0.27726638772663875,0.1461645746164575,0.05383542538354254,0.6887597265552515,0.8285965012095665,1.0,1.0
212,Bully,2.3506276150627614,0.45327754532775455,124.0,0.0,0.12789400278940027,0.3253835425383543,0.3538354253835425,0.19288702928870294,0,1.0,0,1.0
213,Anti Tit For Tat,2.3502092050209207,0.5234309623430963,118.0,1.0,0.20697350069735007,0.3164574616457461,0.3143654114365412,0.1622036262203626,0,1.0,0,1.0
214,Hard Go By Majority,2.3502092050209207,0.499302649930265,112.0,0.0,0.3202231520223152,0.17907949790794978,0.22245467224546722,0.27824267782426776,1.0,0.7411843711843711,0.8910166321303762,0
215,Risky QLearner,2.3472803347280333,0.9467224546722455,21.0,0.9581589958158996,0.7163179916317991,0.23040446304044632,0.041143654114365415,0.012133891213389121,0.9440654390050535,0.9418304521504227,0.9709129511677282,0.986111111111111
216,Hard Go By Majority: 5,2.3397489539748957,0.500278940027894,112.0,0.0,0.32203626220362624,0.17824267782426778,0.21924686192468618,0.2804741980474198,1.0,0.6848469387755102,0.8933769282360832,0
217,Negation,2.3389121338912133,0.48786610878661085,120.0,0.49511854951185497,0.17140864714086473,0.3164574616457462,0.3305439330543933,0.1815899581589958,0,1.0,0,1.0
218,Cycler CCCCCD,2.3351464435146445,0.9,50.0,1.0,0.6407252440725244,0.2592747559274756,0.0792189679218968,0.02078103207810321,0.8701454217440383,0.9407394253209899,1.0,1.0
219,Hard Go By Majority: 40,2.3326359832635983,0.49414225941422596,108.0,0.0,0.30962343096234307,0.18451882845188286,0.22301255230125522,0.2828451882845188,1.0,0.7225030525030526,0.9047754229897088,0
220,Hard Go By Majority: 10,2.3292887029288707,0.4905160390516039,110.0,0.0,0.3101813110181311,0.1803347280334728,0.22147838214783824,0.2880055788005579,1.0,0.7380774697938877,0.8936547260006976,0
221,Cycler DC,2.3267782426778245,0.5,93.0,0.0,0.18186889818688984,0.31813110181311016,0.3209205020920502,0.17907949790794978,0,0,1.0,1.0
222,Hard Go By Majority: 20,2.325523012552301,0.4905160390516039,108.0,0.0,0.30683403068340304,0.18368200836820084,0.22343096234309623,0.28605299860529987,1.0,0.7416232638888889,0.9015526074138513,0
223,SolutionB5,2.3158995815899583,0.4213389121338912,162.0,0.0,0.2839609483960948,0.13737796373779637,0.22119944211994422,0.35746164574616457,1.0,0,0.8715929620906997,0
224,Hopeless,2.3125523012552303,0.6747559274755928,97.0,0.497907949790795,0.300418410041841,0.37433751743375177,0.26820083682008367,0.05704323570432357,0,1.0,1.0,1.0
225,EasyGo,2.312133891213389,0.6778242677824268,64.0,0.0,0.3502092050209205,0.32761506276150626,0.2323570432357043,0.0898186889818689,1.0,1.0,0,1.0
226,$e$,2.309623430962343,0.6753138075313807,65.0,1.0,0.3304044630404463,0.34490934449093447,0.24630404463040448,0.07838214783821479,0.6023289825505015,1.0,0.5729769805746037,1.0
227,SelfSteem,2.305857740585774,0.5154811715481171,96.0,0.49232914923291493,0.31422594142259413,0.20125523012552302,0.2209205020920502,0.26359832635983266,0.7140159223711501,0.4516282440079231,0.598459010959011,0.35451928398839033
228,Tricky Cooperator,2.301255230125523,0.7673640167364016,68.0,1.0,0.4617852161785216,0.30557880055788006,0.17154811715481172,0.061087866108786616,0.8086959308133955,1.0,0,1.0
229,Cooperator Hunter,2.299581589958159,0.7891213389121339,66.0,1.0,0.500697350069735,0.2884239888423989,0.15104602510460252,0.059832635983263605,0.8447046286325965,1.0,0,1.0
230,$\pi$,2.297489539748954,0.6859135285913529,93.0,1.0,0.3500697350069735,0.3358437935843794,0.23486750348675034,0.0792189679218968,0.6403739023202171,1.0,0.6882086167800454,1.0
231,Winner21,2.2966527196652717,0.3778242677824268,180.0,0.0,0.2765690376569037,0.10125523012552301,0.21115760111576012,0.4110181311018131,1.0,0,0.6627965018810089,0.3570955916064612
232,AntiCycler,2.280334728033473,0.6,77.0,1.0,0.29428172942817293,0.30571827057182704,0.2510460251046025,0.1489539748953975,0.387965009618553,0.5682591482591483,0.6800860521592229,0.9506497470783185
233,Aggravater,2.278661087866109,0.12105997210599721,223.0,0.0,0.10934449093444908,0.011715481171548118,0.2670850767085077,0.6118549511854952,1.0,0,0.2525580892973985,0
234,Willing,2.2778242677824267,0.9140864714086472,21.0,0.5146443514644351,0.6732217573221757,0.24086471408647142,0.045048814504881456,0.0408647140864714,1.0,1.0,1.0,0
235,$\phi$,2.2656903765690375,0.602092050209205,73.0,1.0,0.25536959553695954,0.34672245467224544,0.2757322175732218,0.12217573221757323,0.3652741783176565,1.0,0.32948144169948673,1.0
236,"Gradual Killer: (D, D, D, D, D, C, C)",2.2221757322175733,0.37615062761506274,107.0,0.0,0.2198047419804742,0.15634588563458857,0.23765690376569037,0.38619246861924683,1.0,0.7455297619047618,0.21167761650114586,0.2737229710452422
237,Pun1,2.215062761506276,0.6852161785216179,67.0,0.0,0.3846582984658299,0.300557880055788,0.18619246861924685,0.12859135285913528,1.0,0.49017728303442587,1.0,1.0
238,Opposite Grudger,2.1874476987447697,0.8228730822873083,48.0,0.0,0.5474198047419805,0.2754532775453277,0.09316596931659694,0.08396094839609484,1.0,1.0,1.0,0
239,SolutionB1,2.114644351464435,0.7309623430962343,57.0,0.0,0.4380753138075314,0.2928870292887029,0.13375174337517434,0.13528591352859137,1.0,1.0,0.46045454545454545,0.9360998877665544
